INSERT INTO `I18N_BUNDLE` (`id`) VALUES
  (1), (2), (3), (4), (5), (6), (7), (8), (9), (10), (11), (12), (13), (14), (15), (16), (17), (18), (19), (20), (21), (22), (23), (24), (25), (26), (27),
  (28), (29), (30), (31), (32), (33), (34), (35), (36), (37), (38), (39), (40), (41), (42), (43), (44), (45), (46), (47), (48), (49), (50), (51), (52), (53),
  (54), (55);

INSERT INTO `I18N_BUNDLE_STRING` (`bundle`, `i18nString`, `locale`) VALUES
  (1, 'Welcome Commander, Razar Industries is engaged in overexploitation. Your task is to banish Razar Industries from this planet.', 'EN'),
  (1, 'Willkommen Kommandant, Razar Industries betreibt Raubbau auf diesem Planeten. Ihre Aufgabe ist es, Razar Industries von diesem Planeten zu vertreiben.', 'DE'),
  (2, 'Kenny will support you.He will beam himself down to the surface of the planet.', 'EN'),
  (2, 'Kenny unterstützt Dich dabei. Er wird sich gleich auf die Planetenoberfläche beamen.', 'DE'),
  (3, 'Choose your start point to place your start unit', 'EN'),
  (3, 'Wähle deinen Startpunkt um deine Starteinheit zu platzieren', 'DE'),
  (4, 'Congratulation, you successfully completed your first quest. Completed quests will reward you with experience points (XP). If you have enough XP you will reach the next level. You can see your XP in the top left panel.', 'EN'),
  (4, 'Gratuliere, du hast soeben deinen ersten Quest bestanden. Quests geben Erfahrungspunkte (Ep). Hast du genügend Erfahrungspunkte, erreichst du den nächsten Level. Im oberen linken Bereich siehst du deine Erfahrungspunkte.', 'DE'),
  (5, 'Place', 'EN'),
  (5, 'Platzieren', 'DE'),
  (6, 'Follow me to the outpost', 'EN'),
  (6, 'Folge mir zum Vorposten', 'DE'),
  (7, 'Drive your unit to the outpost', 'EN'),
  (7, 'Fahre deine Einheit zum Vorposten', 'DE'),
  (8, 'Follow Kenny to the outpost. Drive your unit to the marked region', 'EN'),
  (8, 'Folge Kenny und Fahre zum Vorposten. Bewege deine Einheit zum markierten Bereich', 'DE'),
  (9, 'Go to the outpost', 'EN'),
  (9, 'Fahre zu Vorposten', 'DE'),
  (10, 'We are under attack!', 'EN'),
  (10, 'Hilfe wir werden angegriffen!', 'DE'),
  (11, 'Scroll and find the enemy base', 'EN'),
  (11, 'Scrolle und suche die gegnerische Basis', 'DE'),
  (12, 'Congratulations, you found the enemy base', 'EN'),
  (12, 'Gratuliere, du hast die gegnerische Basis gefunden', 'DE'),
  (13, 'Find enemy base', 'EN'),
  (13, 'Finde gegnerische Basis', 'DE'),
  (14, 'A box has been spotted. Pick it up', 'EN'),
  (14, 'Eine Box wurde gesichtet. Sammle sie auf', 'DE'),
  (15, 'Pick the boy', 'EN'),
  (15, 'Nimm die Box', 'DE'),
  (16, 'Place the military unit from the inventory', 'EN'),
  (16, 'Platziere die Militäreinheiten vom Inventar', 'DE'),
  (17, 'User inventory', 'EN'),
  (17, 'Benutze Inventar', 'DE'),
  (18, 'Attack Razar Industries and destroy the harvest unit', 'EN'),
  (18, 'Greife Razar Industries an und zerstöre die Abbaufahrzeuge', 'DE'),
  (19, 'Destroy the harvest unit', 'EN'),
  (19, 'Zerstöre die Abbaufahrzeuge', 'DE'),
  (20, 'Help, Razar Industries is attacking us', 'EN'),
  (20, 'Hilfe, Razar Industries greift uns an', 'DE'),
  (21, 'Build a base and destroy Razar Industries.', 'EN'),
  (21, 'Baue dich neu auf und zerstöre Razar Industries.', 'DE'),
  (22, 'Place your builder and build up a base to destroy Razar Industries.', 'EN'),
  (22, 'Platziere dein Baufahrzeug und baue eine Basis auf um Razar Industries zu besiegen.', 'DE'),
  (23, 'Build a base', 'EN'),
  (23, 'Baue eine Basis', 'DE'),
  (24, 'Build a factory with your builder', 'EN'),
  (24, 'Baue eine Fabrik mit deinem Baufahrzeug', 'DE'),
  (25, 'Build a factory', 'EN'),
  (25, 'Baue eine Fabrik', 'DE'),
  (26, 'Build a harvester with your factory', 'EN'),
  (26, 'Baue ein Abbaufahrzeug in deiner Fabrik', 'DE'),
  (27, 'Build a Harvester', 'EN'),
  (27, 'Baue ein Abbaufahrzeug', 'DE'),
  (28, 'Harvest Razarion to build an army', 'EN'),
  (28, 'Sammle Razarion um eine Armee zu bauen', 'DE'),
  (29, 'Harvest Razarion', 'EN'),
  (29, 'Sammle Razarion', 'DE'),
  (30, 'You need lots of Razarion to build an army', 'EN'),
  (30, 'Du brauchst viel Razarion um eine Armee zu bauen', 'DE'),
  (31, 'Build a viper with your factory', 'EN'),
  (31, 'Baue eine Viper in deiner Fabrik', 'DE'),
  (32, 'Build', 'EN'),
  (32, 'Bauen', 'DE'),
  (33, 'Lets attack!', 'EN'),
  (33, 'Komm, greifen wir an!', 'DE'),
  (34, 'The tower is too strong. We need a bigger army', 'EN'),
  (34, 'Der Turm ist zu stark, wir brauchen eine grössere Armee', 'DE'),
  (35, 'Build two vipers with your factory', 'EN'),
  (35, 'Baue zwei Vipers in deiner Fabrik', 'DE'),
  (36, 'Build', 'EN'),
  (36, 'Bauen', 'DE'),
  (37, 'Destroy the tower with your vipers', 'EN'),
  (37, 'Nimm deine 3 Vipers und zerstöre den Turm', 'DE'),
  (38, 'Destroy tower', 'EN'),
  (38, 'Zerstöre Turm', 'DE'),
  (39, 'Banish Razar Industries from this planet. Destroy a factory.', 'EN'),
  (39, 'Vertreibe Razar Industries von diesem Planeten. Zerstöre eine Fabrik.', 'DE'),
  (40, 'Kill Razar Industries', 'EN'),
  (40, 'Zerstöre Razar Industries', 'DE'),
  (41, 'Builds buildings', 'EN'),
  (41, 'Baut Gebäude', 'DE'),
  (42, 'Builder', 'EN'),
  (42, 'Baufahrzeug', 'DE'),
  (43, 'Collects resources', 'EN'),
  (43, 'Sammelt Ressourcen', 'DE'),
  (44, 'Harvester', 'EN'),
  (44, 'Abbaufahrzeug', 'DE'),
  (45, 'Attacks other units', 'EN'),
  (45, 'Greift andere Einheiten an', 'DE'),
  (46, 'Viper', 'EN'),
  (46, 'Viper', 'DE'),
  (47, 'Defense tower', 'EN'),
  (47, 'Verteidigungsturm', 'DE'),
  (48, 'Tower', 'EN'),
  (48, 'Tower', 'DE'),
  (49, 'Creates units', 'EN'),
  (49, 'Baut Fahrzeuge', 'DE'),
  (50, 'Factory', 'EN'),
  (50, 'Fabrik', 'DE'),
  (51, 'Box', 'EN'),
  (51, 'Box', 'DE'),
  (52, 'Contains useful items', 'EN'),
  (52, 'Beeinhaltet nützliche Gegenstände', 'DE'),
  (53, '3 viper pack', 'EN'),
  (53, '3 Viper Paket', 'DE'),
  (54, 'Razarion spot', 'EN'),
  (54, 'Razarion Fleck', 'DE'),
  (55, 'Harvest Razarion from here', 'EN'),
  (55, 'Sammle Razarion hier', 'DE');

INSERT INTO razarion.PROPERTY (propertyKey,  audio_id) VALUES ('audio.dialog.opened', 1);
INSERT INTO razarion.PROPERTY (propertyKey,  audio_id) VALUES ('audio.dialog.closed', 2);
INSERT INTO razarion.PROPERTY (propertyKey,  audio_id) VALUES ('audio.quest.activated', 3);
INSERT INTO razarion.PROPERTY (propertyKey,  audio_id) VALUES ('audio.quest.passed', 4);
INSERT INTO razarion.PROPERTY (propertyKey,  audio_id) VALUES ('audio.level.up', 5);
INSERT INTO razarion.PROPERTY (propertyKey,  audio_id) VALUES ('audio.box.picked', 6);
INSERT INTO razarion.PROPERTY (propertyKey,  audio_id) VALUES ('audio.selection.cleared', 12);
INSERT INTO razarion.PROPERTY (propertyKey,  audio_id) VALUES ('audio.selection.own.multi', 13);
INSERT INTO razarion.PROPERTY (propertyKey,  audio_id) VALUES ('audio.selection.own.single', 14);
INSERT INTO razarion.PROPERTY (propertyKey,  audio_id) VALUES ('audio.selection.other', 15);
INSERT INTO razarion.PROPERTY (propertyKey,  audio_id) VALUES ('audio.command.sent', 16);
INSERT INTO razarion.PROPERTY (propertyKey,  audio_id) VALUES ('audio.base.lost', 17);
INSERT INTO razarion.PROPERTY (propertyKey,  audio_id) VALUES ('audio.terrain.land', 8);
INSERT INTO razarion.PROPERTY (propertyKey,  audio_id) VALUES ('audio.terrain.water', 9);
INSERT INTO razarion.PROPERTY (propertyKey, intValue) VALUES ('tip.corner.move.duration', 1500);
INSERT INTO razarion.PROPERTY (propertyKey, doubleValue) VALUES ('tip.corner.move.distance', 15);
INSERT INTO razarion.PROPERTY (propertyKey, doubleValue) VALUES ('tip.corner.length', 1);
INSERT INTO razarion.PROPERTY (propertyKey, shape3DId_id) VALUES ('tip.default.command.shape3d', 13);
INSERT INTO razarion.PROPERTY (propertyKey, colorRValue, colorGValue, colorBValue, colorAValue) VALUES ('tip.select.corner.color', 0, 1, 0, 1);
INSERT INTO razarion.PROPERTY (propertyKey, shape3DId_id) VALUES ('tip.select.shape3d', 12);
INSERT INTO razarion.PROPERTY (propertyKey, shape3DId_id) VALUES ('tip.outOfView.shape3d', 14);
INSERT INTO razarion.PROPERTY (propertyKey, colorRValue, colorGValue, colorBValue, colorAValue) VALUES ('tip.attack.command.corner.color', 1, 0, 0, 1);
INSERT INTO razarion.PROPERTY (propertyKey, shape3DId_id) VALUES ('tip.baseItemPlacer.shape3d', 12);
INSERT INTO razarion.PROPERTY (propertyKey, colorRValue, colorGValue, colorBValue, colorAValue) VALUES ('tip.baseItemPlacer.corner.color', 1, 1, 0, 1);
INSERT INTO razarion.PROPERTY (propertyKey, colorRValue, colorGValue, colorBValue, colorAValue) VALUES ('tip.grab.command.corner.color', 0, 0, 1, 1);
INSERT INTO razarion.PROPERTY (propertyKey, colorRValue, colorGValue, colorBValue, colorAValue) VALUES ('tip.move.command.corner.color', 0, 1, 0, 1);
INSERT INTO razarion.PROPERTY (propertyKey, colorRValue, colorGValue, colorBValue, colorAValue) VALUES ('tip.toBeFinalized.corner.color', 1, 1, 0, 1);
INSERT INTO razarion.PROPERTY (propertyKey, image_id) VALUES ('tip.west.leftMouseImage', 47);
INSERT INTO razarion.PROPERTY (propertyKey, image_id) VALUES ('tip.south.leftMouseImage', 48);
INSERT INTO razarion.PROPERTY (propertyKey, shape3DId_id) VALUES ('tip.direction.shape3d', 14);
INSERT INTO razarion.PROPERTY (propertyKey, image_id) VALUES ('tip.splash.scroll.image', 49);

INSERT INTO `BASE_ITEM_BUILDER_TYPE` (`id`, `animationOriginX`, `animationOriginY`, `animationOriginZ`, `buildRange`, `progress`, `animationShape3d_id`) VALUES
  (1, 1.63196, 0, 3.04829, 10, 1, 9);
INSERT INTO `BASE_ITEM_FACTORY_TYPE` (`id`, `progress`) VALUES
  (1, 1);
INSERT INTO `BASE_ITEM_HARVESTER_TYPE` (`id`, `animationOriginX`, `animationOriginY`, `animationOriginZ`, `harvestRange`, `progress`, `animationShape3d_id`) VALUES
  (1, 2.5, 0, 1.25, 3, 10, 18);
INSERT INTO `BASE_ITEM_TURRET_TYPE` (`id`, `angleVelocity`, `muzzlePositionX`, `muzzlePositionY`, `muzzlePositionZ`, `shape3dMaterialId`, `torrentCenterX`, `torrentCenterY`, `torrentCenterZ`) VALUES
  (1, 2.0943951023931953, 1.3, 0, 0, 'Turret-material', -0.25, 0, 2),
  (2, 2.0943951023931953, 5.2, 0, 5.4, 'turret_001-material', 0, 0, 0.98);
INSERT INTO `BASE_ITEM_WEAPON_TYPE` (`id`, `attackRange`, `damage`, `detonationParticleConfigId_TMP`, `detonationRadius`, `muzzleFlashParticleConfigId_TMP`, `projectileSpeed`, `reloadTime`, `projectileShape3D_id`, `turretType_id`)
VALUES
  (1, 10, 1, 3, 1, 4, 17, 3, 6, 1),
  (2, 20, 1, 3, 1, 4, 40, 3, 6, 2);
INSERT INTO `BASE_ITEM_TYPE` (`id`, `acceleration`, `angularVelocity`, `boxPickupRange`, `buildup`, `dropBoxPossibility`, `explosionParticleConfigId_TMP`, `fixVerticalNorm`, `health`, `name`, `price`, `radius`, `spawnDurationMillis`, `speed`, `unlockCrystals`, `xpOnKilling`, `builderType_id`, `buildupTexture_id`, `consumerType_id`, `demolitionImage_id`, `factoryType_id`, `generatorType_id`, `harvesterType_id`, `houseType_id`, `i18nDescription_id`, `i18nName_id`, `itemContainerType_id`, `shape3DId_id`, `spawnAudio_id`, `spawnShape3DId_id`, `thumbnail_id`, `weaponType_id`, `wreckageShape3D_id`)
VALUES
  (1, 40, 1.0471975511965976, 2, 30, 0, 2, b'0', 5, NULL, 100, 3, 3000, 10, NULL, 0, 1, 17, NULL, 27, NULL, NULL, NULL, NULL, 41, 42, NULL, 3, 7, 2, 45, NULL, 16),
  (2, 5, 1.0471975511965976, 2, 20, 0, 2, b'0', 5, NULL, 100, 3, 3000, 15, NULL, 0, NULL, 17, NULL, 27, NULL, NULL, 1, NULL, 43, 44, NULL, 17, 7, 2, 64, NULL, 16),
  (3, 5, 1.0471975511965976, 2, 15, 0, 2, b'0', 5, NULL, 100, 2, 3000, 17, NULL, 0, NULL, 17, NULL, 27, NULL, NULL, NULL, NULL, 45, 46, NULL, 11, 7, 2, 63, 1, 16),
  (4, NULL, NULL, 0, 30, 0, 2, b'1', 10, NULL, 200, 6, 3000, NULL, NULL, 0, NULL, 17, NULL, 27, 1, NULL, NULL, NULL, 49, 50, NULL, 8, 7, 2, 46, NULL, 15),
  (5, NULL, NULL, 0, 45, 0, 2, b'1', 10, NULL, 0, 4, 3000, NULL, NULL, 0, NULL, 17, NULL, 27, NULL, NULL, NULL, NULL, 47, 48, NULL, 10, 7, 2, 65, 2, 15);
INSERT INTO `BASE_ITEM_FACTORY_TYPE_ABLE_TO_BUILD` (`factory`, `baseItemType`) VALUES
  (1, 1),
  (1, 2),
  (1, 3);
INSERT INTO `BASE_ITEM_BUILDER_TYPE_ABLE_TO_BUILD` (`builder`, `baseItemType`) VALUES
  (1, 4);
INSERT INTO `BASE_ITEM_DEMOLITION_STEP_EFFECT` (`id`, `baseItemType`, `orderColumn`) VALUES
  (1, 5, 0),
  (2, 5, 1),
  (3, 5, 2),
  (4, 5, 0),
  (5, 5, 1),
  (6, 5, 2);
INSERT INTO `BASE_ITEM_DEMOLITION_STEP_EFFECT_PARTICLE` (`id`, `particleConfigId_TMP`, `positionX`, `positionY`, `positionZ`, `demolitionStepEffect`, `orderColumn`) VALUES
  (1, 1, 0, 0, 3, 1, 0),
  (2, 1, 2, 2, 2, 2, 0),
  (3, 1, -2, -2, 2, 2, 1),
  (4, 1, 3, 0, 1, 3, 0),
  (5, 1, 0, 3, 1, 3, 1),
  (6, 1, 3, 3, 1, 3, 2),
  (7, 5, -2.1, 2, 3.4, 4, 0),
  (8, 1, -2.1, 2, 3.4, 5, 0),
  (9, 5, 3, 0.47, 3, 5, 1),
  (10, 1, -2.1, 2, 3.4, 6, 0),
  (11, 1, 3, 0.47, 3, 6, 1);

INSERT INTO `INVENTORY_ITEM` (`id`, `baseItemTypeCount`, `gold`, `itemFreeRange`, `name`, `baseItemType_id`, `i18nName_id`, `image_id`) VALUES
  (1, 3, NULL, 0, NULL, 3, NULL, 36);
INSERT INTO `BOX_ITEM_TYPE` (`id`, `fixVerticalNorm`, `name`, `radius`, `ttl`, `i18nDescription_id`, `i18nName_id`, `shape3DId_id`, `thumbnail_id`) VALUES
  (1, b'1', NULL, 2, NULL, 52, 51, 7, NULL);
INSERT INTO `BOX_ITEM_TYPE_POSSIBILITY` (`id`, `possibility`, `inventoryItem_id`, `boxItemTypePossibilities_id`) VALUES
  (1, 1.0, 1, 1);

INSERT INTO `RESOURCE_ITEM_TYPE` (`id`, `amount`, `fixVerticalNorm`, `name`, `radius`, `i18nDescription_id`, `i18nName_id`, `shape3DId_id`, `thumbnail_id`) VALUES
  (1, 100000, b'1', NULL, 3, 55, 54, 4, NULL);

INSERT INTO LEVEL (id, number, xp2LevelUp) VALUES (1, 1, 2);
INSERT INTO LEVEL_LIMITATION (LevelEntity_id, itemTypeLimitation, baseItemTypeEntityId) VALUES (1, 1, 1);
INSERT INTO LEVEL (id, number, xp2LevelUp) VALUES (2, 2, 13);
INSERT INTO LEVEL_LIMITATION (LevelEntity_id, itemTypeLimitation, baseItemTypeEntityId) VALUES (2, 1, 1);
INSERT INTO LEVEL_LIMITATION (LevelEntity_id, itemTypeLimitation, baseItemTypeEntityId) VALUES (2, 3, 3);
INSERT INTO LEVEL (id, number, xp2LevelUp) VALUES (3, 3, 30);
INSERT INTO LEVEL_LIMITATION (LevelEntity_id, itemTypeLimitation, baseItemTypeEntityId) VALUES (3, 1, 1);
INSERT INTO LEVEL_LIMITATION (LevelEntity_id, itemTypeLimitation, baseItemTypeEntityId) VALUES (3, 3, 3);
INSERT INTO LEVEL_LIMITATION (LevelEntity_id, itemTypeLimitation, baseItemTypeEntityId) VALUES (3, 1, 2);
INSERT INTO LEVEL_LIMITATION (LevelEntity_id, itemTypeLimitation, baseItemTypeEntityId) VALUES (3, 1, 4);
INSERT INTO LEVEL (id, number, xp2LevelUp) VALUES (4, 4, 50);
INSERT INTO LEVEL_LIMITATION (LevelEntity_id, itemTypeLimitation, baseItemTypeEntityId) VALUES (4, 1, 1);
INSERT INTO LEVEL_LIMITATION (LevelEntity_id, itemTypeLimitation, baseItemTypeEntityId) VALUES (4, 5, 3);
INSERT INTO LEVEL_LIMITATION (LevelEntity_id, itemTypeLimitation, baseItemTypeEntityId) VALUES (4, 1, 2);
INSERT INTO LEVEL_LIMITATION (LevelEntity_id, itemTypeLimitation, baseItemTypeEntityId) VALUES (4, 1, 4);
INSERT INTO LEVEL (id, number, xp2LevelUp) VALUES (5, 5, 75);
INSERT INTO LEVEL_LIMITATION (LevelEntity_id, itemTypeLimitation, baseItemTypeEntityId) VALUES (5, 1, 1);
INSERT INTO LEVEL_LIMITATION (LevelEntity_id, itemTypeLimitation, baseItemTypeEntityId) VALUES (5, 5, 3);
INSERT INTO LEVEL_LIMITATION (LevelEntity_id, itemTypeLimitation, baseItemTypeEntityId) VALUES (5, 1, 2);
INSERT INTO LEVEL_LIMITATION (LevelEntity_id, itemTypeLimitation, baseItemTypeEntityId) VALUES (5, 1, 4);

INSERT INTO PLANET (id, groundMeshDimensionEndX, groundMeshDimensionEndY, groundMeshDimensionStartX, groundMeshDimensionStartY, houseSpace, playGroundEndX, playGroundEndY, playGroundStartX, playGroundStartY, shadowAlpha, shadowRotationX, shadowRotationY, shape3DLightRotateX, shape3DLightRotateZ, startRazarion, startBaseItemType_id) VALUES (1, 64, 64, 0, 0, 10, 360, 360, 50, 40, 0.2, 0.471239, 0, 1.047198, 4.537856, 550, 1);
INSERT INTO PLANET_LIMITATION (PlanetEntity_id, itemTypeLimitation, baseItemTypeEntityId) VALUES (1, 1, 1);
INSERT INTO PLANET_LIMITATION (PlanetEntity_id, itemTypeLimitation, baseItemTypeEntityId) VALUES (1, 5, 3);
INSERT INTO PLANET_LIMITATION (PlanetEntity_id, itemTypeLimitation, baseItemTypeEntityId) VALUES (1, 1, 2);
INSERT INTO PLANET_LIMITATION (PlanetEntity_id, itemTypeLimitation, baseItemTypeEntityId) VALUES (1, 1, 4);
INSERT INTO PLANET (id, groundMeshDimensionEndX, groundMeshDimensionEndY, groundMeshDimensionStartX, groundMeshDimensionStartY, houseSpace, playGroundEndX, playGroundEndY, playGroundStartX, playGroundStartY, shadowAlpha, shadowRotationX, shadowRotationY, shape3DLightRotateX, shape3DLightRotateZ, startRazarion, startBaseItemType_id) VALUES (2, 2500, 2500, 0, 0, 10, 19900, 19920, 50, 50, 0.2, 0.471239, 0, 1.047198, 4.537856, 550, 1);
INSERT INTO PLANET_LIMITATION (PlanetEntity_id, itemTypeLimitation, baseItemTypeEntityId) VALUES (2, 1, 1);
INSERT INTO PLANET_LIMITATION (PlanetEntity_id, itemTypeLimitation, baseItemTypeEntityId) VALUES (2, 5, 3);
INSERT INTO PLANET_LIMITATION (PlanetEntity_id, itemTypeLimitation, baseItemTypeEntityId) VALUES (2, 1, 2);
INSERT INTO PLANET_LIMITATION (PlanetEntity_id, itemTypeLimitation, baseItemTypeEntityId) VALUES (2, 1, 4);


INSERT INTO SERVER_GAME_ENGINE_CONFIG (id, planetEntity_id) VALUES (1, 2);

INSERT INTO WATER_CONFIG (	`id`,	`bmDepth`,	`bmScale`,	`groundLevel`,	`ambientA`,	`ambientB`,	`ambientG`,	`ambientR`,	`diffuseA`,	`diffuseB`,	`diffuseG`,	`diffuseR`,
	`specularHardness`,	`specularIntensity`,	`xRotation`,	`yRotation`,	`waterLevel`,	`waterTransparency`,	`bmId_id`)
	 VALUES ('5', '2', '0.02', '-2', '1', '0.38', '0.38', '0.38', '1', '1', '1', '1', '30',  '0.75', '-0.575959', '0', '-0.7', '0.5', '34');

INSERT INTO GAME_UI_CONTROL_CONFIG (id, gameEngineMode, minimalLevel_id, planetEntity_id) VALUES (1, 'MASTER', 1, 1);
INSERT INTO GAME_UI_CONTROL_CONFIG (id, gameEngineMode, minimalLevel_id, planetEntity_id) VALUES (2, 'SLAVE', 5, 2);

INSERT INTO `PLACE_CONFIG` (`id`, `x`, `y`, `radius`) VALUES
	(1, 223, 130, NULL),
	(2, 220, 109, NULL),
	(3, 213, 92, NULL),
	(4, 207, 111, NULL),
	(5, 201, 94, NULL),
	(6, 201, 88, NULL),
	(7, 212, 144, NULL),
	(8, 190, 242, NULL),
	(9, 248, 283, NULL),
	(10, 277, 296, NULL),
	(11, 299, 261, NULL),
	(12, 240, 255, NULL),
	(13, 277, 252, NULL),
	(14, 260, 227, NULL),
	(15, 230, 187, NULL),
	(16, 234, 187, NULL),
	(17, 253, 200, NULL),
	(18, 116, 100, NULL),
	(19, NULL, NULL, NULL),
	(20, NULL, NULL, NULL),
	(21, NULL, NULL, NULL),
	(22, 212, 144, NULL),
	(23, NULL, NULL, NULL),
	(24, NULL, NULL, NULL),
	(25, NULL, NULL, NULL),
	(26, 145, 260, NULL),
	(27, 108, 254, NULL),
	(28, 190, 242, NULL),
	(29, 190, 242, NULL);

INSERT INTO `PLACE_CONFIG_POSITION_POLYGON` (`OWNER_ID`, `x`, `y`, `orderColumn`) VALUES
	(19, 175, 103, 0),
	(19, 185, 103, 1),
	(19, 185, 113, 2),
	(19, 175, 113, 3),
	(20, 190, 124, 0),
	(20, 230, 124, 1),
	(20, 230, 164, 2),
	(20, 190, 164, 3),
	(21, 190, 124, 0),
	(21, 230, 124, 1),
	(21, 230, 164, 2),
	(21, 190, 164, 3),
	(23, 194, 133, 0),
	(23, 244, 133, 1),
	(23, 244, 183, 2),
	(23, 194, 183, 3),
	(24, 213, 209, 0),
	(24, 293, 209, 1),
	(24, 293, 279, 2),
	(24, 213, 279, 3),
	(25, 212, 162, 0),
	(25, 263, 162, 1),
	(25, 263, 249, 2),
	(25, 212, 249, 3);

INSERT INTO `BOT_CONFIG` (`id`, `actionDelay`, `auxiliaryId`, `maxActiveMs`, `maxInactiveMs`, `minActiveMs`, `minInactiveMs`, `name`, `npc`, `realm_id`) VALUES
  (1, 3000, 11, NULL, NULL, NULL, NULL, 'Roger', b'1', NULL),
  (2, 3000, 33, NULL, NULL, NULL, NULL, 'Razar Industries', b'0', NULL),
  (3, 3000, 44, NULL, NULL, NULL, NULL, 'Kenny', b'1', NULL),
  (4, 3000, 22, NULL, NULL, NULL, NULL, 'Roger', b'1', NULL);

INSERT INTO `BOT_CONFIG_ENRAGEMENT_STATE_CONFIG` (`id`, `enrageUpKills`, `name`, `botConfig`) VALUES
	(1, NULL, 'Normal', 1),
	(2, NULL, 'Normal', 2),
	(3, NULL, 'Normal', 3),
	(4, NULL, 'Normal', 4);

INSERT INTO `BOT_CONFIG_BOT_ITEM` (`id`, `angle`, `count`, `createDirectly`, `idleTtl`, `moveRealmIfIdle`, `noRebuild`, `noSpawn`, `rePopTime`, `baseItemTypeEntity_id`, `place_id`, `botEnragementStateConfig`) VALUES
  (1, 1.9198621771937625, 1, b'1', NULL, b'0', b'1', b'1', NULL, 2, 1, 1),
  (2, 0, 1, b'1', NULL, b'0', b'1', b'1', NULL, 4, 2, 1),
  (3, 0, 1, b'1', NULL, b'0', b'1', b'1', NULL, 4, 3, 1),
  (4, 0.5235987755982988, 1, b'1', NULL, b'0', b'1', b'1', NULL, 1, 4, 1),
  (5, 3.0543261909900767, 1, b'1', NULL, b'0', b'1', b'1', NULL, 3, 5, 1),
  (6, 5.410520681182422, 1, b'1', NULL, b'0', b'1', b'1', NULL, 2, 6, 1),
  (7, 0, 1, b'1', NULL, b'0', b'1', b'1', NULL, 5, 8, 2),
  (8, 0, 1, b'1', NULL, b'0', b'1', b'1', NULL, 4, 9, 2),
  (9, 0, 1, b'1', NULL, b'0', b'1', b'1', NULL, 4, 10, 2),
  (10, 0, 1, b'1', NULL, b'0', b'1', b'1', NULL, 4, 11, 2),
  (11, 1.7453292519943295, 1, b'1', NULL, b'0', b'1', b'1', NULL, 1, 12, 2),
  (12, 3.490658503988659, 1, b'1', NULL, b'0', b'1', b'1', NULL, 1, 13, 2),
  (13, 5.811946409141117, 1, b'1', NULL, b'0', b'1', b'1', NULL, 1, 14, 2),
  (14, 4.537856055185257, 1, b'1', NULL, b'0', b'1', b'1', NULL, 3, 15, 2),
  (15, 4.537856055185257, 1, b'1', NULL, b'0', b'1', b'1', NULL, 3, 16, 2),
  (16, 4.1887902047863905, 1, b'1', NULL, b'0', b'1', b'1', NULL, 2, 17, 2),
  (17, 0, 1, b'1', NULL, b'0', b'1', b'0', NULL, 1, 18, 3),
  (18, 0, 1, b'1', NULL, b'0', b'1', b'1', NULL, 3, 26, 4);

INSERT INTO `QUEST_COMPARISON` (`id`, `addExisting`, `count`, `time`, `placeConfig_id`) VALUES
  (1, NULL, NULL, NULL, NULL),
  (2, b'1', NULL, NULL, 19),
  (3, NULL, 1, NULL, NULL),
  (4, NULL, 1, NULL, NULL),
  (5, NULL, NULL, NULL, NULL),
  (6, NULL, NULL, NULL, NULL),
  (7, NULL, NULL, NULL, NULL),
  (8, NULL, NULL, NULL, NULL),
  (9, NULL, 30, NULL, NULL),
  (10, NULL, NULL, NULL, NULL),
  (11, NULL, NULL, NULL, NULL),
  (12, NULL, NULL, NULL, NULL),
  (13, NULL, NULL, NULL, NULL);

INSERT INTO `QUEST_COMPARISON_BASE_ITEM` (`ComparisonConfigEntity_id`, `typeCount`, `baseItemTypeEntityId`) VALUES
  (1, 1, 1),
  (2, 1, 1),
  (5, 1, 2),
  (6, 1, 1),
  (7, 1, 4),
  (8, 1, 2),
  (10, 1, 3),
  (11, 2, 3),
  (12, 1, 5),
  (13, 1, 4);

INSERT INTO `QUEST_CONDITION` (`id`, `conditionTrigger`, `comparisonConfig_id`) VALUES
  (1, 'SYNC_ITEM_CREATED', 1),
  (2, 'SYNC_ITEM_POSITION', 2),
  (3, 'BOX_PICKED', 3),
  (4, 'SYNC_ITEM_CREATED', 4),
  (5, 'SYNC_ITEM_KILLED', 5),
  (6, 'SYNC_ITEM_CREATED', 6),
  (7, 'SYNC_ITEM_CREATED', 7),
  (8, 'SYNC_ITEM_CREATED', 8),
  (9, 'HARVEST', 9),
  (10, 'SYNC_ITEM_CREATED', 10),
  (11, 'SYNC_ITEM_CREATED', 11),
  (12, 'SYNC_ITEM_KILLED', 12),
  (13, 'SYNC_ITEM_KILLED', 13);

INSERT INTO `QUEST` (`id`, `cristal`, `hidePassedDialog`, `money`, `xp`, `conditionConfigEntity_id`, `description_id`, `passedMessage_id`, `title_id`) VALUES
	(1, 0, b'0', 0, 1, 1, 3, 4, 5),
	(2, 0, b'0', 0, 1, 2, 8, NULL, 9),
	(3, 0, b'0', 0, 1, 3, 14, NULL, 15),
	(4, 0, b'0', 0, 1, 4, 16, NULL, 17),
	(5, 0, b'0', 0, 10, 5, 18, NULL, 19),
	(6, 0, b'1', 0, 0, 6, 22, NULL, 23),
	(7, 0, b'0', 0, 10, 7, 24, NULL, 25),
	(8, 0, b'0', 0, 10, 8, 26, NULL, 27),
	(9, 0, b'0', 0, 10, 9, 28, NULL, 29),
	(10, 0, b'0', 0, 10, 10, 31, NULL, 32),
	(11, 0, b'0', 0, 10, 11, 35, NULL, 36),
	(12, 0, b'0', 0, 10, 12, 37, NULL, 38),
	(13, 0, b'0', 0, 20, 13, 39, NULL, 40);

INSERT INTO `SCENE_TIP_CONFIG` (`id`, `terrainPositionHintX`, `terrainPositionHintY`, `tip`, `actor_id`, `boxItemTypeEntity_id`, `inventoryItemEntity_id`, `placeConfig_id`, `resourceItemTypeEntity_id`, `toCreatedItemType_id`) VALUES
	(1, 135, 85, 'START_PLACER', NULL, NULL, NULL, NULL, NULL, 1),
	(2, 180, 108, 'MOVE', 1, NULL, NULL, NULL, NULL, NULL),
	(3, 270, 310, 'SCROLL', NULL, NULL, NULL, NULL, NULL, NULL),
	(4, NULL, NULL, 'PICK_BOX', 1, 1, NULL, NULL, NULL, NULL),
	(5, 216, 125, 'SPAN_INVENTORY_ITEM', NULL, NULL, 1, NULL, NULL, NULL),
	(6, NULL, NULL, 'ATTACK', 3, NULL, NULL, 23, NULL, NULL),
	(7, 100, 280, 'START_PLACER', NULL, NULL, NULL, NULL, NULL, 1),
	(8, 112, 285, 'BUILD', 1, NULL, NULL, NULL, NULL, 4),
	(9, NULL, NULL, 'FABRICATE', 4, NULL, NULL, NULL, NULL, 2),
	(10, NULL, NULL, 'HARVEST', 2, NULL, NULL, 27, 1, NULL),
	(11, NULL, NULL, 'FABRICATE', 4, NULL, NULL, NULL, NULL, 3),
	(12, NULL, NULL, 'FABRICATE', 4, NULL, NULL, NULL, NULL, 3),
	(13, NULL, NULL, 'ATTACK', 3, NULL, NULL, 29, NULL, NULL);

INSERT INTO `SCENE_START_POINT_PLACER` (`id`, `enemyFreeRadius`, `suggestedPositionX`, `suggestedPositionY`) VALUES
  (1, 10, 135, 85),
  (2, 10, NULL, NULL);

INSERT INTO `SCENE_START_PLACE_ALLOWED_AREA` (`startPointPlacer`, `x`, `y`, `orderColumn`) VALUES
  (2, 80, 260, 0),
  (2, 130, 260, 1),
  (2, 130, 310, 2),
  (2, 80, 310, 3);

INSERT INTO `SCENE` (`id`, `duration`, `internalName`, `removeLoadingCover`, `scrollUiQuestCristal`, `scrollUiQuestI18nHidePassedDialog`, `scrollUiQuestMoney`, `scrollUiQuestTargetRectangleEndX`, `scrollUiQuestTargetRectangleEndY`, `scrollUiQuestTargetRectangleStartX`, `scrollUiQuestTargetRectangleStartY`, `scrollUiQuestXp`, `viewFieldBottomWidth`, `viewFieldCameraLocked`, `viewFieldFromPositionX`, `viewFieldFromPositionY`, `viewFieldSpeed`, `viewFieldToPositionX`, `viewFieldToPositionY`, `wait4LevelUpDialog`, `wait4QuestPassedDialog`, `waitForBaseLostDialog`, `gameTipConfigEntity_id`, `i18nIntroText_id`, `questConfig_id`, `scrollUiQuestI18nDescription_id`, `scrollUiQuestI18nPassedMessage_id`, `scrollUiQuestI18nTitle_id`, `startPointPlacerEntity_id`, `gameUiControlConfigEntityId`, `orderColumn`) VALUES
  (1, NULL, 'setup: add resources', b'0', NULL, NULL, NULL, NULL, NULL, NULL, NULL, NULL, NULL, NULL, NULL, NULL, NULL, NULL, NULL, NULL, NULL, NULL, NULL, NULL, NULL, NULL, NULL, NULL, NULL, 1, 0),
  (2, NULL, 'setup: add NPC bot', b'0', NULL, NULL, NULL, NULL, NULL, NULL, NULL, NULL, NULL, NULL, NULL, NULL, NULL, NULL, NULL, NULL, NULL, NULL, NULL, NULL, NULL, NULL, NULL, NULL, NULL, 1, 1),
  (3, NULL, 'setup: add enemy bot', b'0', NULL, NULL, NULL, NULL, NULL, NULL, NULL, NULL, 120, b'1', NULL, NULL, NULL, 270, 275, NULL, NULL, NULL, NULL, NULL, NULL, NULL, NULL, NULL, NULL, 1, 2),
  (4, NULL, 'script: fade out', b'1', NULL, NULL, NULL, NULL, NULL, NULL, NULL, NULL, NULL, NULL, NULL, NULL, NULL, NULL, NULL, NULL, NULL, NULL, NULL, NULL, NULL, NULL, NULL, NULL, NULL, 1, 3),
  (5, NULL, 'script: scroll over terrain', b'0', NULL, NULL, NULL, NULL, NULL, NULL, NULL, NULL, 120, b'1', 270, 275, 50, 116, 84, NULL, NULL, NULL, NULL, 1, NULL, NULL, NULL, NULL, NULL, 1, 4),
  (6, 3000, 'script: npc bot spawn', b'0', NULL, NULL, NULL, NULL, NULL, NULL, NULL, NULL, NULL, NULL, NULL, NULL, NULL, NULL, NULL, NULL, NULL, NULL, NULL, 2, NULL, NULL, NULL, NULL, NULL, 1, 5),
  (7, NULL, 'user: spawn 1', b'0', NULL, NULL, NULL, NULL, NULL, NULL, NULL, NULL, NULL, NULL, NULL, NULL, NULL, NULL, NULL, NULL, b'1', NULL, 1, NULL, 1, NULL, NULL, NULL, 1, 1, 6),
  (8, NULL, 'script: npc bot move', b'0', NULL, NULL, NULL, NULL, NULL, NULL, NULL, NULL, NULL, b'1', NULL, NULL, 50, 205, 102, NULL, NULL, NULL, NULL, 6, NULL, NULL, NULL, NULL, NULL, 1, 7),
  (9, NULL, 'script: scroll to user', b'0', NULL, NULL, NULL, NULL, NULL, NULL, NULL, NULL, NULL, b'1', NULL, NULL, 50, 160, 100, NULL, NULL, NULL, NULL, 7, NULL, NULL, NULL, NULL, NULL, 1, 8),
  (10, NULL, 'user: move', b'0', NULL, NULL, NULL, NULL, NULL, NULL, NULL, NULL, NULL, NULL, NULL, NULL, NULL, NULL, NULL, b'1', NULL, NULL, 2, NULL, 2, NULL, NULL, NULL, NULL, 1, 9),
  (11, 7000, 'script: bot harvest attack', b'0', NULL, NULL, NULL, NULL, NULL, NULL, NULL, NULL, NULL, b'1', NULL, NULL, 50, 212, 144, NULL, NULL, NULL, NULL, 10, NULL, NULL, NULL, NULL, NULL, 1, 10),
  (12, NULL, 'user: find enemy base', b'0', 0, b'0', 0, 260, 300, 250, 290, 1, NULL, b'0', NULL, NULL, NULL, NULL, NULL, NULL, b'1', NULL, 3, NULL, NULL, 11, 12, 13, NULL, 1, 11),
  (13, NULL, 'user: pick box', b'0', NULL, NULL, NULL, NULL, NULL, NULL, NULL, NULL, NULL, NULL, NULL, NULL, NULL, NULL, NULL, NULL, b'1', NULL, 4, NULL, 3, NULL, NULL, NULL, NULL, 1, 12),
  (14, NULL, 'user: box spawn', b'0', NULL, NULL, NULL, NULL, NULL, NULL, NULL, NULL, NULL, NULL, NULL, NULL, NULL, NULL, NULL, NULL, b'1', NULL, 5, NULL, 4, NULL, NULL, NULL, NULL, 1, 13),
  (15, NULL, 'user: kill bot harvester', b'0', NULL, NULL, NULL, NULL, NULL, NULL, NULL, NULL, NULL, NULL, NULL, NULL, NULL, NULL, NULL, b'1', NULL, NULL, 6, NULL, 5, NULL, NULL, NULL, NULL, 1, 14),
  (16, 4000, 'script: enemy bot destroy user', b'0', NULL, NULL, NULL, NULL, NULL, NULL, NULL, NULL, NULL, NULL, NULL, NULL, NULL, NULL, NULL, NULL, NULL, NULL, NULL, 20, NULL, NULL, NULL, NULL, NULL, 1, 15),
  (17, NULL, 'script wait for dead dialog', b'0', NULL, NULL, NULL, NULL, NULL, NULL, NULL, NULL, NULL, NULL, NULL, NULL, NULL, NULL, NULL, NULL, NULL, b'1', NULL, NULL, NULL, NULL, NULL, NULL, NULL, 1, 16),
  (18, 3000, 'script: escape npc bot', b'0', NULL, NULL, NULL, NULL, NULL, NULL, NULL, NULL, NULL, NULL, NULL, NULL, NULL, NULL, NULL, NULL, NULL, NULL, NULL, 21, NULL, NULL, NULL, NULL, NULL, 1, 17),
  (19, NULL, 'user: spawn 2', b'0', NULL, NULL, NULL, NULL, NULL, NULL, NULL, NULL, NULL, NULL, NULL, NULL, NULL, NULL, NULL, NULL, NULL, NULL, 7, NULL, 6, NULL, NULL, NULL, 2, 1, 18),
  (20, NULL, 'user: build factory', b'0', NULL, NULL, NULL, NULL, NULL, NULL, NULL, NULL, NULL, NULL, NULL, NULL, NULL, NULL, NULL, NULL, b'1', NULL, 8, NULL, 7, NULL, NULL, NULL, NULL, 1, 19),
  (21, NULL, 'user: fabricate harvester', b'0', NULL, NULL, NULL, NULL, NULL, NULL, NULL, NULL, NULL, NULL, NULL, NULL, NULL, NULL, NULL, NULL, b'1', NULL, 9, NULL, 8, NULL, NULL, NULL, NULL, 1, 20),
  (22, NULL, 'user: harvest', b'0', NULL, NULL, NULL, NULL, NULL, NULL, NULL, NULL, NULL, NULL, NULL, NULL, NULL, NULL, NULL, b'1', NULL, NULL, 10, NULL, 9, NULL, NULL, NULL, NULL, 1, 21),
  (23, 3000, 'script: explain harvest', b'0', NULL, NULL, NULL, NULL, NULL, NULL, NULL, NULL, NULL, NULL, NULL, NULL, NULL, NULL, NULL, NULL, NULL, NULL, NULL, 30, NULL, NULL, NULL, NULL, NULL, 1, 22),
  (24, NULL, 'user: build viper 1', b'0', NULL, NULL, NULL, NULL, NULL, NULL, NULL, NULL, NULL, NULL, NULL, NULL, NULL, NULL, NULL, NULL, b'1', NULL, 11, NULL, 10, NULL, NULL, NULL, NULL, 1, 23),
  (25, 5000, 'script: npc bot attacks tower', b'0', NULL, NULL, NULL, NULL, NULL, NULL, NULL, NULL, NULL, b'0', NULL, NULL, 50, 190, 242, NULL, NULL, NULL, NULL, 33, NULL, NULL, NULL, NULL, NULL, 1, 24),
  (26, 2000, 'script: npc too weak', b'0', NULL, NULL, NULL, NULL, NULL, NULL, NULL, NULL, NULL, NULL, NULL, NULL, NULL, NULL, NULL, NULL, NULL, NULL, NULL, 34, NULL, NULL, NULL, NULL, NULL, 1, 25),
  (27, NULL, 'user: build viper 2', b'0', NULL, NULL, NULL, NULL, NULL, NULL, NULL, NULL, NULL, NULL, NULL, NULL, NULL, NULL, NULL, NULL, b'1', NULL, 12, NULL, 11, NULL, NULL, NULL, NULL, 1, 26),
  (28, NULL, 'user: kill tower', b'0', NULL, NULL, NULL, NULL, NULL, NULL, NULL, NULL, NULL, NULL, NULL, NULL, NULL, NULL, NULL, NULL, b'1', NULL, 13, NULL, 12, NULL, NULL, NULL, NULL, 1, 27),
  (29, NULL, 'user: kill bot', b'0', NULL, NULL, NULL, NULL, NULL, NULL, NULL, NULL, NULL, NULL, NULL, NULL, NULL, NULL, NULL, NULL, b'1', NULL, NULL, NULL, 13, NULL, NULL, NULL, NULL, 1, 28);

INSERT INTO `SCENE_BOT` (`sceneId`, `botd`) VALUES
  (2, 1),
  (3, 2),
  (6, 3),
  (19, 4);

INSERT INTO `SCENE_BOT_ATTACK_COMMAND` (`id`, `botAuxiliaryIdId`, `actorItemType_id`, `targetItemType_id`, `targetSelection_id`, `botAttackCommandEntities_id`) VALUES
  (1, 33, 3, 2, 20, 11),
  (2, 33, 3, 2, 21, 11),
  (3, 22, 3, 5, 28, 25);

INSERT INTO `SCENE_BOT_HARVEST_COMMAND` (`id`, `botAuxiliaryIdId`, `harvesterItemType_id`, `resourceItemType_id`, `resourceSelection_id`, `botHarvestCommandEntities_id`) VALUES
  (1, 11, 2, 1, 7, 2),
  (2, 33, 2, 1, 22, 12);

INSERT INTO `SCENE_BOT_KILL_BOT_COMMAND` (`id`, `botAuxiliaryIdId`, `killBotCommandEntities_id`) VALUES
  (1, 44, 19),
  (2, 11, 21);

INSERT INTO `SCENE_BOT_KILL_HUMAN_COMMAND` (`id`, `botAuxiliaryIdId`, `dominanceFactor`, `attackerBaseItemType_id`, `spawnPoint_id`, `botKillHumanCommandEntities_id`) VALUES
  (1, 33, 2, 3, 24, 16);

INSERT INTO `SCENE_BOT_KILL_OTHER_BOT_COMMAND` (`id`, `botAuxiliaryIdId`, `dominanceFactor`, `targetBotAuxiliaryIdId`, `attackerBaseItemType_id`, `spawnPoint_id`, `botKillOtherBotCommandEntities_id`) VALUES
  (1, 33, 1, 11, 3, 25, 16);

INSERT INTO `SCENE_BOT_MOVE_COMMAND` (`id`, `botAuxiliaryIdId`, `targetPositionX`, `targetPositionY`, `baseItemType_id`, `botMoveCommandEntities_id`) VALUES
  (1, 44, 188, 90, 1, 8),
  (2, 33, 255, 244, 3, 14),
  (3, 33, 257, 246, 3, 14),
  (4, 44, 48, 110, 1, 18);

INSERT INTO `SCENE_BOX_ITEM_POSITION` (`id`, `x`, `y`, `rotationZ`, `boxItemType_id`, `sceneId`) VALUES
  (1, 180, 116, 0, 1, 13);

INSERT INTO `SCENE_RESOURCE_ITEM_POSITION` (`id`, `x`, `y`, `rotationZ`, `resourceItemType_id`, `sceneId`) VALUES
  (1, 212, 144, 0, 1, 1),
  (2, 233, 164, 1.3962634015954636, 1, 1),
  (3, 96, 254, 0, 1, 1),
  (4, 108, 254, 1.3962634015954636, 1, 1),
  (5, 120, 252, 2.792526803190927, 1, 1);

############################
# --ALTER TABLE TRACKER_PAGE DROP id;--
# --ALTER TABLE TRACKER_PAGE ADD id INT NOT NULL AUTO_INCREMENT FIRST, ADD PRIMARY KEY (id), AUTO_INCREMENT=1 --

